method,region,points,max_abs_error,mean_abs_error,rmse,saturation_point_rate,max_intermediate_abs,mean_terms
direct_t12_trunc,full,14001,20.4192907402,2.4088370407304156,5.140241562153144,0.3584029712163417,500.0,11.278694378972931
direct_t12_trunc,near_zero_abs_le_0.05,101,1.4408544894e-07,5.07254928297402e-08,6.23652179995377e-08,0.0,0.0512710213661,3.1584158415841586
direct_t12_trunc,core_abs_le_1,2001,5.39681225931e-07,1.3174809814797748e-07,1.772710197879553e-07,0.0,1.7182815671,7.375812093953024
direct_t12_trunc,negative_lt_minus_1,9000,20.4192907402,3.746883406857514,6.41123628376064,0.5575555555555556,500.0,11.953
direct_t12_trunc,positive_gt_0,4000,0.0149448696654,0.001044177729864638,0.002843828809115286,0.0,53.5832051635,10.739
direct_t12_rne,full,14001,20.4192907998,2.4088369269771657,5.140241595153755,0.3584029712163417,500.0,11.337690164988215
direct_t12_rne,near_zero_abs_le_0.05,101,1.03804028921e-07,3.069550553002861e-08,4.012209049339523e-08,0.0,0.0512712001801,3.3366336633663365
direct_t12_rne,core_abs_le_1,2001,2.29305051391e-07,4.744384352376752e-08,6.03930066106862e-08,0.0,1.71828186512,7.620689655172414
direct_t12_rne,negative_lt_minus_1,9000,20.4192907998,3.746883447218919,6.411236324983082,0.5575555555555556,500.0,11.971666666666666
direct_t12_rne,positive_gt_0,4000,0.0149443928282,0.0010436870493542951,0.0028435144136459943,0.0,53.5832056403,10.84225
direct_t16_rne,full,14001,16.9560873101,2.1257005028707914,4.384789046669084,0.3584029712163417,500.0,14.259338618670094
direct_t16_rne,near_zero_abs_le_0.05,101,1.03804028921e-07,3.069550553002861e-08,4.012209049339523e-08,0.0,0.0512712001801,3.3366336633663365
direct_t16_rne,core_abs_le_1,2001,2.29305051391e-07,4.744384352376752e-08,6.03930066106862e-08,0.0,1.71828186512,7.620689655172414
direct_t16_rne,negative_lt_minus_1,9000,16.9560873101,3.3068798822878875,5.46898808584065,0.5575555555555556,500.0,15.577555555555556
direct_t16_rne,positive_gt_0,4000,6.1889941648e-05,3.4396658412762098e-06,1.0360650546767735e-05,0.0,53.5980882645,12.9555
direct_t20_rne,full,14001,16.1847759673,2.0750340114865296,4.252724149107798,0.3584029712163417,500.0,16.534747518034425
direct_t20_rne,near_zero_abs_le_0.05,101,1.03804028921e-07,3.069550553002861e-08,4.012209049339523e-08,0.0,0.0512712001801,3.3366336633663365
direct_t20_rne,core_abs_le_1,2001,2.29305051391e-07,4.744384352376752e-08,6.03930066106862e-08,0.0,1.71828186512,7.620689655172414
direct_t20_rne,negative_lt_minus_1,9000,16.1847759673,3.2280611392603067,5.304268336814052,0.5575555555555556,500.0,18.680777777777777
direct_t20_rne,positive_gt_0,4000,1.75604149888e-06,2.250101351818396e-07,3.564553325632464e-07,0.0,53.5981500149,13.93775
adaptive_rne,full,14001,16.1225495527,2.071749427612996,4.243896514894463,0.3584029712163417,500.0,20.247053781872722
adaptive_rne,near_zero_abs_le_0.05,101,1.03804028921e-07,3.069550553002861e-08,4.012209049339523e-08,0.0,0.0512712001801,3.3366336633663365
adaptive_rne,core_abs_le_1,2001,2.29305051391e-07,4.744384352376752e-08,6.03930066106862e-08,0.0,1.71828186512,7.620689655172414
adaptive_rne,negative_lt_minus_1,9000,16.1225495527,3.2229514215240975,5.293257949352971,0.5575555555555556,500.0,24.432222222222222
adaptive_rne,positive_gt_0,4000,1.81564614365e-06,2.2521327001701572e-07,3.575646586411317e-07,0.0,53.5981501341,13.991
divfirst_t12_rne,full,14001,27.587477513,3.2995709313974686,7.628494480612808,0.23426898078708663,320.0,11.33983286908078
divfirst_t12_rne,near_zero_abs_le_0.05,101,8.57623875597e-08,2.5025142207362083e-08,3.163841243675582e-08,0.0,0.0512711405754,3.297029702970297
divfirst_t12_rne,core_abs_le_1,2001,2.67905923224e-07,4.840306952050032e-08,6.340747713896965e-08,0.0,1.71828186512,7.666666666666667
divfirst_t12_rne,negative_lt_minus_1,9000,27.587477513,5.132568689817389,9.514743846372534,0.36444444444444446,320.0,11.968222222222222
divfirst_t12_rne,positive_gt_0,4000,0.014944094805,0.0010435897133930787,0.0028433978712909635,0.0,53.5832059383,10.846
rr_ln2_t12,full,14001,8.95929262867e-06,1.556944243269413e-07,5.042379746019824e-07,0.0,54.5981521606,5.389257910149275
rr_ln2_t12,near_zero_abs_le_0.05,101,1.03804028921e-07,3.069550553002861e-08,4.012209049339523e-08,0.0,1.05127120018,3.3366336633663365
rr_ln2_t12,core_abs_le_1,2001,2.86377188186e-07,4.767265259491056e-08,6.378540279887267e-08,0.0,2.71828186512,5.318840579710145
rr_ln2_t12,negative_lt_minus_1,9000,7.27522888599e-08,1.544964381134457e-08,1.8156581789066767e-08,0.0,1.41406971216,5.3805555555555555
rr_ln2_t12,positive_gt_0,4000,8.95929262867e-06,5.018071312175211e-07,9.427563631004345e-07,0.0,54.5981521606,5.427
rr_ln2_adaptive,full,14001,8.95929262867e-06,1.556944243269413e-07,5.042379746019824e-07,0.0,54.5981521606,5.389257910149275
rr_ln2_adaptive,near_zero_abs_le_0.05,101,1.03804028921e-07,3.069550553002861e-08,4.012209049339523e-08,0.0,1.05127120018,3.3366336633663365
rr_ln2_adaptive,core_abs_le_1,2001,2.86377188186e-07,4.767265259491056e-08,6.378540279887267e-08,0.0,2.71828186512,5.318840579710145
rr_ln2_adaptive,negative_lt_minus_1,9000,7.27522888599e-08,1.544964381134457e-08,1.8156581789066767e-08,0.0,1.41406971216,5.3805555555555555
rr_ln2_adaptive,positive_gt_0,4000,8.95929262867e-06,5.018071312175211e-07,9.427563631004345e-07,0.0,54.5981521606,5.427
halving_t12,full,14001,5.8489761777e-05,1.4011541631960831e-06,4.769938123673915e-06,0.0,53.5981533527,6.974858938647239
halving_t12,near_zero_abs_le_0.05,101,1.03804028921e-07,3.069550553002861e-08,4.012209049339523e-08,0.0,0.0512712001801,3.3366336633663365
halving_t12,core_abs_le_1,2001,6.31584062827e-07,7.760039561283948e-08,1.1813511160387721e-07,0.0,1.71828186512,6.5922038980509745
halving_t12,negative_lt_minus_1,9000,2.51365047221e-07,2.2036629786331097e-08,3.143807356673244e-08,0.0,5.0,6.999
halving_t12,positive_gt_0,4000,5.8489761777e-05,4.8431890719604095e-06,8.923882133814816e-06,0.0,53.5981533527,7.017
halving_adaptive,full,14001,5.8489761777e-05,1.4011541631960831e-06,4.769938123673915e-06,0.0,53.5981533527,6.974858938647239
halving_adaptive,near_zero_abs_le_0.05,101,1.03804028921e-07,3.069550553002861e-08,4.012209049339523e-08,0.0,0.0512712001801,3.3366336633663365
halving_adaptive,core_abs_le_1,2001,6.31584062827e-07,7.760039561283948e-08,1.1813511160387721e-07,0.0,1.71828186512,6.5922038980509745
halving_adaptive,negative_lt_minus_1,9000,2.51365047221e-07,2.2036629786331097e-08,3.143807356673244e-08,0.0,5.0,6.999
halving_adaptive,positive_gt_0,4000,5.8489761777e-05,4.8431890719604095e-06,8.923882133814816e-06,0.0,53.5981533527,7.017
fine_ln2_2_t12,full,14001,7.28779619408e-06,1.3486052966513534e-07,4.1896471351147644e-07,0.0,54.5981521606,4.4131847725162485
fine_ln2_2_t12,near_zero_abs_le_0.05,101,1.03804028921e-07,3.069550553002861e-08,4.012209049339523e-08,0.0,1.05127120018,3.3366336633663365
fine_ln2_2_t12,core_abs_le_1,2001,3.54448929984e-07,4.309571073299947e-08,5.957675837631767e-08,0.0,2.71828186512,4.455272363818091
fine_ln2_2_t12,negative_lt_minus_1,9000,7.07979019854e-08,1.524121326990106e-08,1.7794731636099292e-08,0.0,1.68163442612,4.408555555555555
fine_ln2_2_t12,positive_gt_0,4000,7.28779619408e-06,4.304708051862068e-07,7.831749901068647e-07,0.0,54.5981521606,4.4135
fine_ln2_4_t12,full,14001,4.5403930784e-06,1.3937136587993235e-07,4.252792954071537e-07,0.0,54.5981502533,3.683165488179416
fine_ln2_4_t12,near_zero_abs_le_0.05,101,1.03804028921e-07,3.069550553002861e-08,4.012209049339523e-08,0.0,1.05127120018,3.3366336633663365
fine_ln2_4_t12,core_abs_le_1,2001,3.54448929984e-07,4.773501888310728e-08,6.550804064085044e-08,0.0,2.71828186512,3.702648675662169
fine_ln2_4_t12,negative_lt_minus_1,9000,7.26472763057e-08,1.53888032519888e-08,1.8045817526358727e-08,0.0,1.83394956589,3.683
fine_ln2_4_t12,positive_gt_0,4000,4.5403930784e-06,4.4479079254378543e-07,7.949226546046413e-07,0.0,54.5981502533,3.679
fine_ln2_8_t12,full,14001,4.47574713291e-06,1.275924520464367e-07,3.8841177296070825e-07,0.0,54.5981502533,3.2398400114277552
fine_ln2_8_t12,near_zero_abs_le_0.05,101,1.01327011594e-07,3.013629776481574e-08,3.849563280797658e-08,0.0,1.91390794516,3.3366336633663365
fine_ln2_8_t12,core_abs_le_1,2001,2.83568418968e-07,4.342554458346987e-08,5.811025431688136e-08,0.0,2.71828186512,3.2438780609695153
fine_ln2_8_t12,negative_lt_minus_1,9000,5.96538611841e-08,1.526627537683408e-08,1.783084028448901e-08,0.0,1.91509312391,3.24
fine_ln2_8_t12,positive_gt_0,4000,4.47574713291e-06,4.043971642387391e-07,7.259283772388067e-07,0.0,54.5981502533,3.23875
