method,scope,samples,repeats,calls,total_ns,ns_per_call
libm,kernel,4096,1500,6144000,50588125,8.233744303
libm,kernel,4096,1500,6144000,50098275,8.154016113
libm,kernel,4096,1500,6144000,51127877,8.321594564
libm,kernel,4096,1500,6144000,50873740,8.280231120
libm,kernel,4096,1500,6144000,49898069,8.121430501
libm,kernel,4096,1500,6144000,50023605,8.141862793
libm,kernel,4096,1500,6144000,49972580,8.133557943
direct_t12_trunc,kernel,4096,1500,6144000,153028154,24.906926107
direct_t12_trunc,kernel,4096,1500,6144000,153210075,24.936535645
direct_t12_trunc,kernel,4096,1500,6144000,152043235,24.746620280
direct_t12_trunc,kernel,4096,1500,6144000,151944770,24.730594076
direct_t12_trunc,kernel,4096,1500,6144000,152538445,24.827220866
direct_t12_trunc,kernel,4096,1500,6144000,152920752,24.889445313
direct_t12_trunc,kernel,4096,1500,6144000,152783193,24.867056152
direct_t12_rne,kernel,4096,1500,6144000,168731216,27.462763021
direct_t12_rne,kernel,4096,1500,6144000,166586913,27.113755371
direct_t12_rne,kernel,4096,1500,6144000,167372056,27.241545573
direct_t12_rne,kernel,4096,1500,6144000,169089208,27.521029948
direct_t12_rne,kernel,4096,1500,6144000,168428849,27.413549642
direct_t12_rne,kernel,4096,1500,6144000,166335381,27.072815918
direct_t12_rne,kernel,4096,1500,6144000,166104808,27.035287760
direct_t16_rne,kernel,4096,1500,6144000,241811159,39.357284993
direct_t16_rne,kernel,4096,1500,6144000,242347676,39.444608724
direct_t16_rne,kernel,4096,1500,6144000,240423195,39.131379395
direct_t16_rne,kernel,4096,1500,6144000,240338537,39.117600423
direct_t16_rne,kernel,4096,1500,6144000,241920144,39.375023437
direct_t16_rne,kernel,4096,1500,6144000,243790914,39.679510742
direct_t16_rne,kernel,4096,1500,6144000,241255177,39.266793132
direct_t20_rne,kernel,4096,1500,6144000,301369023,49.050947754
direct_t20_rne,kernel,4096,1500,6144000,303465446,49.392162435
direct_t20_rne,kernel,4096,1500,6144000,300519208,48.912631510
direct_t20_rne,kernel,4096,1500,6144000,303136689,49.338653809
direct_t20_rne,kernel,4096,1500,6144000,302399817,49.218720215
direct_t20_rne,kernel,4096,1500,6144000,302699368,49.267475260
direct_t20_rne,kernel,4096,1500,6144000,301079590,49.003839518
adaptive_rne,kernel,4096,1500,6144000,404963668,65.912055339
adaptive_rne,kernel,4096,1500,6144000,401901643,65.413678874
adaptive_rne,kernel,4096,1500,6144000,401846380,65.404684245
adaptive_rne,kernel,4096,1500,6144000,401948301,65.421272949
adaptive_rne,kernel,4096,1500,6144000,400979403,65.263574707
adaptive_rne,kernel,4096,1500,6144000,401096703,65.282666504
adaptive_rne,kernel,4096,1500,6144000,403291540,65.639899089
divfirst_t12_rne,kernel,4096,1500,6144000,174892425,28.465563965
divfirst_t12_rne,kernel,4096,1500,6144000,173923087,28.307794108
divfirst_t12_rne,kernel,4096,1500,6144000,173771102,28.283056966
divfirst_t12_rne,kernel,4096,1500,6144000,173647349,28.262914876
divfirst_t12_rne,kernel,4096,1500,6144000,173520321,28.242239746
divfirst_t12_rne,kernel,4096,1500,6144000,173478944,28.235505208
divfirst_t12_rne,kernel,4096,1500,6144000,175983202,28.643099284
rr_ln2_t12,kernel,4096,1500,6144000,106192750,17.283976237
rr_ln2_t12,kernel,4096,1500,6144000,106314479,17.303788900
rr_ln2_t12,kernel,4096,1500,6144000,107451652,17.488875651
rr_ln2_t12,kernel,4096,1500,6144000,107181215,17.444859212
rr_ln2_t12,kernel,4096,1500,6144000,107012077,17.417330241
rr_ln2_t12,kernel,4096,1500,6144000,105950356,17.244524089
rr_ln2_t12,kernel,4096,1500,6144000,104566038,17.019211914
rr_ln2_adaptive,kernel,4096,1500,6144000,100510269,16.359093262
rr_ln2_adaptive,kernel,4096,1500,6144000,101351878,16.496073893
rr_ln2_adaptive,kernel,4096,1500,6144000,100568167,16.368516764
rr_ln2_adaptive,kernel,4096,1500,6144000,101186707,16.469190592
rr_ln2_adaptive,kernel,4096,1500,6144000,100896564,16.421966797
rr_ln2_adaptive,kernel,4096,1500,6144000,101076321,16.451224121
rr_ln2_adaptive,kernel,4096,1500,6144000,101691165,16.551296387
halving_t12,kernel,4096,1500,6144000,176985272,28.806196615
halving_t12,kernel,4096,1500,6144000,177966303,28.965869629
halving_t12,kernel,4096,1500,6144000,178461953,29.046541829
halving_t12,kernel,4096,1500,6144000,176110681,28.663847819
halving_t12,kernel,4096,1500,6144000,176511403,28.729069499
halving_t12,kernel,4096,1500,6144000,176018728,28.648881510
halving_t12,kernel,4096,1500,6144000,175489626,28.562764648
halving_adaptive,kernel,4096,1500,6144000,170617485,27.769772949
halving_adaptive,kernel,4096,1500,6144000,171527322,27.917858398
halving_adaptive,kernel,4096,1500,6144000,171265000,27.875162760
halving_adaptive,kernel,4096,1500,6144000,172264174,28.037788737
halving_adaptive,kernel,4096,1500,6144000,171170252,27.859741536
halving_adaptive,kernel,4096,1500,6144000,171573809,27.925424642
halving_adaptive,kernel,4096,1500,6144000,170637813,27.773081543
fine_ln2_2_t12,kernel,4096,1500,6144000,90314961,14.699700684
fine_ln2_2_t12,kernel,4096,1500,6144000,89784885,14.613425293
fine_ln2_2_t12,kernel,4096,1500,6144000,89833137,14.621278809
fine_ln2_2_t12,kernel,4096,1500,6144000,90251982,14.689450195
fine_ln2_2_t12,kernel,4096,1500,6144000,89491355,14.565650228
fine_ln2_2_t12,kernel,4096,1500,6144000,90071403,14.660059082
fine_ln2_2_t12,kernel,4096,1500,6144000,89431262,14.555869466
fine_ln2_4_t12,kernel,4096,1500,6144000,79934764,13.010215495
fine_ln2_4_t12,kernel,4096,1500,6144000,81139855,13.206356608
fine_ln2_4_t12,kernel,4096,1500,6144000,80940632,13.173930990
fine_ln2_4_t12,kernel,4096,1500,6144000,80687036,13.132655599
fine_ln2_4_t12,kernel,4096,1500,6144000,80133979,13.042639811
fine_ln2_4_t12,kernel,4096,1500,6144000,79283633,12.904237142
fine_ln2_4_t12,kernel,4096,1500,6144000,79878118,13.000995768
fine_ln2_8_t12,kernel,4096,1500,6144000,69931777,11.382125163
fine_ln2_8_t12,kernel,4096,1500,6144000,69718377,11.347392090
fine_ln2_8_t12,kernel,4096,1500,6144000,70225999,11.430012858
fine_ln2_8_t12,kernel,4096,1500,6144000,70835483,11.529212728
fine_ln2_8_t12,kernel,4096,1500,6144000,70453325,11.467012533
fine_ln2_8_t12,kernel,4096,1500,6144000,70078653,11.406030762
fine_ln2_8_t12,kernel,4096,1500,6144000,70040350,11.399796549
fine_ln2_16_t12,kernel,4096,1500,6144000,64475650,10.494083659
fine_ln2_16_t12,kernel,4096,1500,6144000,65005434,10.580311523
fine_ln2_16_t12,kernel,4096,1500,6144000,65046621,10.587015137
fine_ln2_16_t12,kernel,4096,1500,6144000,65305116,10.629087891
fine_ln2_16_t12,kernel,4096,1500,6144000,65088449,10.593823079
fine_ln2_16_t12,kernel,4096,1500,6144000,64481541,10.495042480
fine_ln2_16_t12,kernel,4096,1500,6144000,64474758,10.493938477
fine_ln2_32_t12,kernel,4096,1500,6144000,60324331,9.818413249
fine_ln2_32_t12,kernel,4096,1500,6144000,59667879,9.711568848
fine_ln2_32_t12,kernel,4096,1500,6144000,59740977,9.723466309
fine_ln2_32_t12,kernel,4096,1500,6144000,60307390,9.815655924
fine_ln2_32_t12,kernel,4096,1500,6144000,59655877,9.709615397
fine_ln2_32_t12,kernel,4096,1500,6144000,59857585,9.742445475
fine_ln2_32_t12,kernel,4096,1500,6144000,59439251,9.674357259
fine_ln2_64_t12,kernel,4096,1500,6144000,57005024,9.278161458
fine_ln2_64_t12,kernel,4096,1500,6144000,57752967,9.399896973
fine_ln2_64_t12,kernel,4096,1500,6144000,57068142,9.288434570
fine_ln2_64_t12,kernel,4096,1500,6144000,57126922,9.298001628
fine_ln2_64_t12,kernel,4096,1500,6144000,57315376,9.328674479
fine_ln2_64_t12,kernel,4096,1500,6144000,57985613,9.437762533
fine_ln2_64_t12,kernel,4096,1500,6144000,57896847,9.423314941
libm,e2e,4096,1500,6144000,55324861,9.004697428
libm,e2e,4096,1500,6144000,52178158,8.492538737
libm,e2e,4096,1500,6144000,51514482,8.384518555
libm,e2e,4096,1500,6144000,52001376,8.463765625
libm,e2e,4096,1500,6144000,51764391,8.425193848
libm,e2e,4096,1500,6144000,51357238,8.358925456
libm,e2e,4096,1500,6144000,51551622,8.390563477
direct_t12_trunc,e2e,4096,1500,6144000,215024191,34.997426921
direct_t12_trunc,e2e,4096,1500,6144000,216651014,35.262209310
direct_t12_trunc,e2e,4096,1500,6144000,218284809,35.528126465
direct_t12_trunc,e2e,4096,1500,6144000,216940857,35.309384277
direct_t12_trunc,e2e,4096,1500,6144000,214634640,34.934023438
direct_t12_trunc,e2e,4096,1500,6144000,213570654,34.760848633
direct_t12_trunc,e2e,4096,1500,6144000,215743231,35.114458171
direct_t12_rne,e2e,4096,1500,6144000,231561669,37.689073730
direct_t12_rne,e2e,4096,1500,6144000,226932123,36.935566895
direct_t12_rne,e2e,4096,1500,6144000,228911006,37.257650716
direct_t12_rne,e2e,4096,1500,6144000,228487381,37.188701335
direct_t12_rne,e2e,4096,1500,6144000,225105426,36.638252930
direct_t12_rne,e2e,4096,1500,6144000,223030513,36.300539225
direct_t12_rne,e2e,4096,1500,6144000,226808752,36.915486979
direct_t16_rne,e2e,4096,1500,6144000,310896258,50.601604492
direct_t16_rne,e2e,4096,1500,6144000,311931129,50.770040527
direct_t16_rne,e2e,4096,1500,6144000,306257364,49.846576172
direct_t16_rne,e2e,4096,1500,6144000,309465203,50.368685384
direct_t16_rne,e2e,4096,1500,6144000,313286352,50.990617187
direct_t16_rne,e2e,4096,1500,6144000,311296729,50.666785319
direct_t16_rne,e2e,4096,1500,6144000,312840185,50.917998861
direct_t20_rne,e2e,4096,1500,6144000,381038699,62.018017415
direct_t20_rne,e2e,4096,1500,6144000,369889471,60.203364421
direct_t20_rne,e2e,4096,1500,6144000,365225010,59.444174805
direct_t20_rne,e2e,4096,1500,6144000,369409441,60.125234538
direct_t20_rne,e2e,4096,1500,6144000,369130297,60.079800944
direct_t20_rne,e2e,4096,1500,6144000,364540055,59.332691243
direct_t20_rne,e2e,4096,1500,6144000,364487456,59.324130208
adaptive_rne,e2e,4096,1500,6144000,459332997,74.761229980
adaptive_rne,e2e,4096,1500,6144000,460629479,74.972245931
adaptive_rne,e2e,4096,1500,6144000,458974745,74.702920736
adaptive_rne,e2e,4096,1500,6144000,458571848,74.637345052
adaptive_rne,e2e,4096,1500,6144000,461015753,75.035116048
adaptive_rne,e2e,4096,1500,6144000,460073576,74.881766927
adaptive_rne,e2e,4096,1500,6144000,458477892,74.622052734
divfirst_t12_rne,e2e,4096,1500,6144000,237332616,38.628355469
divfirst_t12_rne,e2e,4096,1500,6144000,237225535,38.610926921
divfirst_t12_rne,e2e,4096,1500,6144000,236974534,38.570073893
divfirst_t12_rne,e2e,4096,1500,6144000,237329791,38.627895671
divfirst_t12_rne,e2e,4096,1500,6144000,237025991,38.578449056
divfirst_t12_rne,e2e,4096,1500,6144000,236978052,38.570646484
divfirst_t12_rne,e2e,4096,1500,6144000,236836436,38.547597005
rr_ln2_t12,e2e,4096,1500,6144000,159858238,26.018593424
rr_ln2_t12,e2e,4096,1500,6144000,160155887,26.067038900
rr_ln2_t12,e2e,4096,1500,6144000,159940914,26.032049805
rr_ln2_t12,e2e,4096,1500,6144000,159887724,26.023392578
rr_ln2_t12,e2e,4096,1500,6144000,160027275,26.046105957
rr_ln2_t12,e2e,4096,1500,6144000,160014311,26.043995931
rr_ln2_t12,e2e,4096,1500,6144000,159636512,25.982505208
rr_ln2_adaptive,e2e,4096,1500,6144000,152417277,24.807499512
rr_ln2_adaptive,e2e,4096,1500,6144000,151744685,24.698028158
rr_ln2_adaptive,e2e,4096,1500,6144000,152258550,24.781665039
rr_ln2_adaptive,e2e,4096,1500,6144000,152370700,24.799918620
rr_ln2_adaptive,e2e,4096,1500,6144000,152477430,24.817290039
rr_ln2_adaptive,e2e,4096,1500,6144000,151747861,24.698545085
rr_ln2_adaptive,e2e,4096,1500,6144000,152367284,24.799362630
halving_t12,e2e,4096,1500,6144000,232740040,37.880865885
halving_t12,e2e,4096,1500,6144000,232597953,37.857739746
halving_t12,e2e,4096,1500,6144000,232057309,37.769744303
halving_t12,e2e,4096,1500,6144000,231812760,37.729941406
halving_t12,e2e,4096,1500,6144000,231991926,37.759102539
halving_t12,e2e,4096,1500,6144000,231882912,37.741359375
halving_t12,e2e,4096,1500,6144000,232196249,37.792358236
halving_adaptive,e2e,4096,1500,6144000,230517530,37.519129232
halving_adaptive,e2e,4096,1500,6144000,230396182,37.499378581
halving_adaptive,e2e,4096,1500,6144000,228964766,37.266400716
halving_adaptive,e2e,4096,1500,6144000,228657750,37.216430664
halving_adaptive,e2e,4096,1500,6144000,228860291,37.249396322
halving_adaptive,e2e,4096,1500,6144000,230090759,37.449667806
halving_adaptive,e2e,4096,1500,6144000,228955229,37.264848470
fine_ln2_2_t12,e2e,4096,1500,6144000,138146542,22.484788737
fine_ln2_2_t12,e2e,4096,1500,6144000,138946192,22.614940104
fine_ln2_2_t12,e2e,4096,1500,6144000,137825570,22.432547201
fine_ln2_2_t12,e2e,4096,1500,6144000,138017049,22.463712402
fine_ln2_2_t12,e2e,4096,1500,6144000,138365023,22.520348796
fine_ln2_2_t12,e2e,4096,1500,6144000,139080895,22.636864421
fine_ln2_2_t12,e2e,4096,1500,6144000,138284080,22.507174479
fine_ln2_4_t12,e2e,4096,1500,6144000,122559567,19.947846191
fine_ln2_4_t12,e2e,4096,1500,6144000,122435536,19.927658854
fine_ln2_4_t12,e2e,4096,1500,6144000,122273672,19.901313802
fine_ln2_4_t12,e2e,4096,1500,6144000,122031026,19.861820638
fine_ln2_4_t12,e2e,4096,1500,6144000,121894601,19.839616048
fine_ln2_4_t12,e2e,4096,1500,6144000,121675650,19.803979492
fine_ln2_4_t12,e2e,4096,1500,6144000,121939535,19.846929525
fine_ln2_8_t12,e2e,4096,1500,6144000,113904890,18.539207357
fine_ln2_8_t12,e2e,4096,1500,6144000,113544874,18.480611003
fine_ln2_8_t12,e2e,4096,1500,6144000,113391556,18.455656901
fine_ln2_8_t12,e2e,4096,1500,6144000,113508036,18.474615234
fine_ln2_8_t12,e2e,4096,1500,6144000,115004623,18.718200358
fine_ln2_8_t12,e2e,4096,1500,6144000,116126368,18.900776042
fine_ln2_8_t12,e2e,4096,1500,6144000,114969658,18.712509440
fine_ln2_16_t12,e2e,4096,1500,6144000,108137619,17.600523926
fine_ln2_16_t12,e2e,4096,1500,6144000,108268635,17.621848145
fine_ln2_16_t12,e2e,4096,1500,6144000,111242104,18.105811198
fine_ln2_16_t12,e2e,4096,1500,6144000,111341801,18.122037923
fine_ln2_16_t12,e2e,4096,1500,6144000,110664250,18.011759440
fine_ln2_16_t12,e2e,4096,1500,6144000,111791786,18.195277669
fine_ln2_16_t12,e2e,4096,1500,6144000,111581090,18.160984701
fine_ln2_32_t12,e2e,4096,1500,6144000,97284066,15.833995117
fine_ln2_32_t12,e2e,4096,1500,6144000,96288838,15.672011393
fine_ln2_32_t12,e2e,4096,1500,6144000,95615385,15.562399902
fine_ln2_32_t12,e2e,4096,1500,6144000,97749930,15.909819336
fine_ln2_32_t12,e2e,4096,1500,6144000,94379937,15.361317871
fine_ln2_32_t12,e2e,4096,1500,6144000,99780880,16.240377604
fine_ln2_32_t12,e2e,4096,1500,6144000,115679178,18.827991211
fine_ln2_64_t12,e2e,4096,1500,6144000,103662703,16.872184733
fine_ln2_64_t12,e2e,4096,1500,6144000,96099734,15.641232747
fine_ln2_64_t12,e2e,4096,1500,6144000,95074390,15.474347331
fine_ln2_64_t12,e2e,4096,1500,6144000,88686615,14.434670410
fine_ln2_64_t12,e2e,4096,1500,6144000,87733928,14.279610677
fine_ln2_64_t12,e2e,4096,1500,6144000,86700359,14.111386556
fine_ln2_64_t12,e2e,4096,1500,6144000,87561494,14.251545247
